File,CheckpointPath,Architecture,BaseArch,Loss,Lambda,Samples,Source_NRMSE,Source_R2,Source_PDE_Residual,Recomputed_Joint_NRMSE,Recomputed_R2,Recomputed_PDE_Residual,EvalDataset,EvalSamples,ParamScalerSource,Norm_NRMSE_a,Norm_RMSE_a,Norm_TargetMean_a,Real_NRMSE_a,Real_RMSE_a,Real_TargetMean_a,Norm_NRMSE_b,Norm_RMSE_b,Norm_TargetMean_b,Real_NRMSE_b,Real_RMSE_b,Real_TargetMean_b,Norm_NRMSE_c,Norm_RMSE_c,Norm_TargetMean_c,Real_NRMSE_c,Real_RMSE_c,Real_TargetMean_c,Norm_NRMSE_delta,Norm_RMSE_delta,Norm_TargetMean_delta,Real_NRMSE_delta,Real_RMSE_delta,Real_TargetMean_delta
PaperPINN_CNN_Flex_L1_none_physical_lam0.1_n16000_1_best.pth,paper_checkpoints\PaperPINN_CNN_Flex_L1_none_physical_lam0.1_n16000_1_best.pth,"FlexCNN (L=1, none) (λ=0.1)","FlexCNN (L=1, none)",physical,0.1,16000,0.111869305,0.7715835571289062,0.1626012935638427,0.111869305,0.7715835571289062,0.16260129356384279,turing_patterns_dataset_clean_test.npz,4000,turing_patterns_dataset_clean_test.npz,0.4486095,0.09235528,0.20587009,0.4182003,0.061820637,0.14782542,0.15157682,0.1067241,0.7040925,0.10812642,0.16637316,1.5386912,0.33697584,0.05196168,0.15420002,0.33069265,0.35798764,1.0825388,0.25690678,0.15102004,0.58783984,0.21605313,27.178188,125.79401
PaperPINN_CNN_Flex_L1_none_physical_lam0.1_n2000_1_best.pth,paper_checkpoints\PaperPINN_CNN_Flex_L1_none_physical_lam0.1_n2000_1_best.pth,"FlexCNN (L=1, none) (λ=0.1)","FlexCNN (L=1, none)",physical,0.1,2000,0.18679306,0.3980334401130676,0.3594635164141655,0.18679306,0.3980334401130676,0.3594635164141655,turing_patterns_dataset_clean_test.npz,4000,turing_patterns_dataset_clean_test.npz,0.69876724,0.14385527,0.20587009,0.65140164,0.09629372,0.14782542,0.2573889,0.18122558,0.7040925,0.18360677,0.28251413,1.5386912,0.36918387,0.056928158,0.15420002,0.36229986,0.39220366,1.0825388,0.44967347,0.264336,0.58783984,0.37816566,47.570972,125.79401
PaperPINN_CNN_Flex_L1_none_physical_lam0.1_n4000_1_best.pth,paper_checkpoints\PaperPINN_CNN_Flex_L1_none_physical_lam0.1_n4000_1_best.pth,"FlexCNN (L=1, none) (λ=0.1)","FlexCNN (L=1, none)",physical,0.1,4000,0.1525944,0.5835521817207336,0.2394115576148033,0.1525944,0.5835521817207336,0.23941155761480332,turing_patterns_dataset_clean_test.npz,4000,turing_patterns_dataset_clean_test.npz,0.5815836,0.119730674,0.20587009,0.54216087,0.08014516,0.14782542,0.22146091,0.15592897,0.7040925,0.15797777,0.243079,1.5386912,0.39678702,0.061184563,0.15420002,0.38938832,0.42152798,1.0825388,0.3491633,0.2052521,0.58783984,0.29363903,36.93803,125.79401
PaperPINN_CNN_Flex_L1_none_physical_lam0.1_n8000_1_best.pth,paper_checkpoints\PaperPINN_CNN_Flex_L1_none_physical_lam0.1_n8000_1_best.pth,"FlexCNN (L=1, none) (λ=0.1)","FlexCNN (L=1, none)",physical,0.1,8000,0.12429952,0.7156431674957275,0.1626649731844663,0.12429952,0.7156431674957275,0.16266497318446635,turing_patterns_dataset_clean_test.npz,4000,turing_patterns_dataset_clean_test.npz,0.50107914,0.10315721,0.20587009,0.467114,0.069051325,0.14782542,0.17930916,0.12625024,0.7040925,0.127909,0.19681247,1.5386912,0.3673343,0.056642957,0.15420002,0.36048523,0.39023927,1.0825388,0.27584526,0.16215284,0.58783984,0.2319799,29.181683,125.79401
PaperPINN_CNN_Flex_L1_none_pure_n16000_1_best.pth,paper_checkpoints\PaperPINN_CNN_Flex_L1_none_pure_n16000_1_best.pth,"FlexCNN (L=1, none)","FlexCNN (L=1, none)",pure,,16000,0.14454685,0.5835099220275879,0.2544887628555298,0.14454685,0.5835099220275879,0.2544887628555298,turing_patterns_dataset_clean_test.npz,4000,turing_patterns_dataset_clean_test.npz,0.7751842,0.15958725,0.20587009,0.7226392,0.10682444,0.14782542,0.20669341,0.14553128,0.7040925,0.14744341,0.22686988,1.5386912,0.3671509,0.056614675,0.15420002,0.36030543,0.39004463,1.0825388,0.27424124,0.16120993,0.58783984,0.2306311,29.01201,125.79401
PaperPINN_CNN_Flex_L1_none_pure_n2000_1_best.pth,paper_checkpoints\PaperPINN_CNN_Flex_L1_none_pure_n2000_1_best.pth,"FlexCNN (L=1, none)","FlexCNN (L=1, none)",pure,,2000,0.21779579,0.041415587067604,0.8275573825836182,0.21779579,0.041415587067604065,0.8275573825836182,turing_patterns_dataset_clean_test.npz,4000,turing_patterns_dataset_clean_test.npz,0.9376112,0.19302611,0.20587009,0.874055,0.12920755,0.14782542,0.24299845,0.17109339,0.7040925,0.17334141,0.2667189,1.5386912,1.0511148,0.16208191,0.15420002,1.031515,1.1166551,1.0825388,0.4792862,0.28174353,0.58783984,0.4030691,50.70368,125.79401
PaperPINN_CNN_Flex_L1_none_pure_n4000_1_best.pth,paper_checkpoints\PaperPINN_CNN_Flex_L1_none_pure_n4000_1_best.pth,"FlexCNN (L=1, none)","FlexCNN (L=1, none)",pure,,4000,0.18257943,0.4106059372425079,0.5141311936974525,0.18257943,0.41060593724250793,0.5141311936974525,turing_patterns_dataset_clean_test.npz,4000,turing_patterns_dataset_clean_test.npz,0.7060248,0.1453494,0.20587009,0.65816736,0.09729387,0.14782542,0.22686207,0.15973188,0.7040925,0.1618306,0.24900733,1.5386912,0.50699955,0.07817934,0.15420002,0.4975457,0.53861254,1.0825388,0.4444158,0.2612453,0.58783984,0.37374422,47.014782,125.79401
PaperPINN_CNN_Flex_L1_none_pure_n8000_1_best.pth,paper_checkpoints\PaperPINN_CNN_Flex_L1_none_pure_n8000_1_best.pth,"FlexCNN (L=1, none)","FlexCNN (L=1, none)",pure,,8000,0.16158707,0.5005818009376526,0.3894431998133659,0.16158707,0.5005818009376526,0.38944319981336595,turing_patterns_dataset_clean_test.npz,4000,turing_patterns_dataset_clean_test.npz,0.69488513,0.14305606,0.20587009,0.6477824,0.09575871,0.14782542,0.22360592,0.15743925,0.7040925,0.15950765,0.24543302,1.5386912,0.566753,0.08739332,0.15420002,0.55618423,0.602091,1.0825388,0.34816122,0.20466304,0.58783984,0.29279643,36.832035,125.79401
PaperPINN_CNN_Flex_L2_dilated_physical_lam0.1_n2000_1_best.pth,paper_checkpoints\PaperPINN_CNN_Flex_L2_dilated_physical_lam0.1_n2000_1_best.pth,"FlexCNN (L=2, dilated) (λ=0.1)","FlexCNN (L=2, dilated)",physical,0.1,2000,0.140876,0.5646229982376099,0.0611772303655743,0.140876,0.5646229982376099,0.06117723036557436,turing_patterns_dataset_clean_test.npz,4000,turing_patterns_dataset_clean_test.npz,0.86960864,0.17902641,0.20587009,0.8106628,0.11983657,0.14782542,0.23159373,0.1630634,0.7040925,0.16520596,0.25420094,1.5386912,0.38257924,0.058993723,0.15420002,0.37544537,0.40643418,1.0825388,0.16941243,0.09958738,0.58783984,0.14247239,17.922173,125.79401
PaperPINN_CNN_Flex_L2_dilated_physical_lam0.1_n4000_1_best.pth,paper_checkpoints\PaperPINN_CNN_Flex_L2_dilated_physical_lam0.1_n4000_1_best.pth,"FlexCNN (L=2, dilated) (λ=0.1)","FlexCNN (L=2, dilated)",physical,0.1,4000,0.108023815,0.7554306983947754,0.0602578626647591,0.108023815,0.7554306983947754,0.06025786266475916,turing_patterns_dataset_clean_test.npz,4000,turing_patterns_dataset_clean_test.npz,0.5547006,0.11419627,0.20587009,0.5171007,0.076440625,0.14782542,0.19887772,0.14002831,0.7040925,0.14186832,0.21829154,1.5386912,0.3317796,0.05116042,0.15420002,0.32559314,0.35246724,1.0825388,0.14325114,0.08420873,0.58783984,0.12047102,15.154532,125.79401
PaperPINN_CNN_Flex_L2_dilated_physical_lam0.1_n8000_1_best.pth,paper_checkpoints\PaperPINN_CNN_Flex_L2_dilated_physical_lam0.1_n8000_1_best.pth,"FlexCNN (L=2, dilated) (λ=0.1)","FlexCNN (L=2, dilated)",physical,0.1,8000,0.081111275,0.8656076192855835,0.0452306216210126,0.081111275,0.8656076192855835,0.045230621621012684,turing_patterns_dataset_clean_test.npz,4000,turing_patterns_dataset_clean_test.npz,0.37338743,0.0768693,0.20587009,0.34807733,0.05145468,0.14782542,0.13809326,0.09723043,0.7040925,0.09850797,0.15157335,1.5386912,0.2997182,0.04621655,0.15420002,0.29412946,0.31840655,1.0825388,0.13590322,0.07988933,0.58783984,0.11429176,14.377218,125.79401
PaperPINN_CNN_Flex_L2_dilated_physical_lam1e-05_n16000_1_best.pth,paper_checkpoints\PaperPINN_CNN_Flex_L2_dilated_physical_lam1e-05_n16000_1_best.pth,"FlexCNN (L=2, dilated) (λ=1e-05)","FlexCNN (L=2, dilated)",physical,1e-05,16000,0.11701822,0.6739096641540527,0.1916184839010238,0.11701822,0.6739096641540527,0.19161848390102387,turing_patterns_dataset_clean_test.npz,4000,turing_patterns_dataset_clean_test.npz,0.8329465,0.17147876,0.20587009,0.7764846,0.114784166,0.14782542,0.13749552,0.09680956,0.7040925,0.09808151,0.15091714,1.5386912,0.43773568,0.06749885,0.15420002,0.42957386,0.4650304,1.0825388,0.13578647,0.0798207,0.58783984,0.11419358,14.364868,125.79401
PaperPINN_CNN_Flex_L2_dilated_pure_n16000_1_best.pth,paper_checkpoints\PaperPINN_CNN_Flex_L2_dilated_pure_n16000_1_best.pth,"FlexCNN (L=2, dilated)","FlexCNN (L=2, dilated)",pure,,16000,0.117213584,0.6748954057693481,0.2019990966022014,0.117213584,0.6748954057693481,0.20199909660220147,turing_patterns_dataset_clean_test.npz,4000,turing_patterns_dataset_clean_test.npz,0.82835287,0.17053308,0.20587009,0.772203,0.11415124,0.14782542,0.139415,0.09816106,0.7040925,0.09945082,0.15302409,1.5386912,0.43101266,0.06646216,0.15420002,0.42297623,0.4578882,1.0825388,0.13962042,0.08207445,0.58783984,0.11741787,14.770465,125.79401
PaperPINN_CNN_Flex_L2_dilated_pure_n2000_1_best.pth,paper_checkpoints\PaperPINN_CNN_Flex_L2_dilated_pure_n2000_1_best.pth,"FlexCNN (L=2, dilated)","FlexCNN (L=2, dilated)",pure,,2000,0.17131226,0.3593319952487945,0.4459485459327698,0.17131226,0.35933199524879456,0.4459485459327698,turing_patterns_dataset_clean_test.npz,4000,turing_patterns_dataset_clean_test.npz,0.7589057,0.156236,0.20587009,0.70746404,0.10458117,0.14782542,0.25480926,0.1794093,0.7040925,0.18176627,0.27968216,1.5386912,0.91781276,0.14152674,0.15420002,0.9006997,0.9750424,1.0825388,0.29416126,0.1729197,0.58783984,0.24738319,31.119324,125.79401
PaperPINN_CNN_Flex_L2_dilated_pure_n4000_1_best.pth,paper_checkpoints\PaperPINN_CNN_Flex_L2_dilated_pure_n4000_1_best.pth,"FlexCNN (L=2, dilated)","FlexCNN (L=2, dilated)",pure,,4000,0.15450151,0.3910800218582153,0.2729949496984482,0.15450151,0.39108002185821533,0.2729949496984482,turing_patterns_dataset_clean_test.npz,4000,turing_patterns_dataset_clean_test.npz,0.84611225,0.17418921,0.20587009,0.78875816,0.1165985,0.14782542,0.18156068,0.12783551,0.7040925,0.12951495,0.1992835,1.5386912,1.0694577,0.16491039,0.15420002,1.0495166,1.1361425,1.0825388,0.19222061,0.11299494,0.58783984,0.16165341,20.335032,125.79401
PaperPINN_CNN_Flex_L2_dilated_pure_n8000_1_best.pth,paper_checkpoints\PaperPINN_CNN_Flex_L2_dilated_pure_n8000_1_best.pth,"FlexCNN (L=2, dilated)","FlexCNN (L=2, dilated)",pure,,8000,0.122170955,0.6443184614181519,0.2265568536520004,0.122170955,0.6443184614181519,0.22655685365200043,turing_patterns_dataset_clean_test.npz,4000,turing_patterns_dataset_clean_test.npz,0.84365743,0.17368384,0.20587009,0.78647065,0.11626036,0.14782542,0.1537384,0.10824605,0.7040925,0.10966842,0.16874583,1.5386912,0.49239346,0.07592708,0.15420002,0.48321185,0.5230956,1.0825388,0.1374659,0.08080793,0.58783984,0.11560591,14.542531,125.79401
PaperPINN_CNN_Flex_L2_maxpool_physical_lam0.0001_n16000_1_best.pth,paper_checkpoints\PaperPINN_CNN_Flex_L2_maxpool_physical_lam0.0001_n16000_1_best.pth,"FlexCNN (L=2, maxpool) (λ=0.0001)","FlexCNN (L=2, maxpool)",physical,0.0001,16000,0.04923585,0.952354907989502,0.0786830951720476,0.04923585,0.952354907989502,0.07868309517204762,turing_patterns_dataset_clean_test.npz,4000,turing_patterns_dataset_clean_test.npz,0.20378871,0.041954,0.20587009,0.18997501,0.028083134,0.14782542,0.05945945,0.041864954,0.7040925,0.042414956,0.06526352,1.5386912,0.21898268,0.033767134,0.15420002,0.21489955,0.23263712,1.0825388,0.10954008,0.06439202,0.58783984,0.092120774,11.588242,125.79401
PaperPINN_CNN_Flex_L2_maxpool_physical_lam0.001_n4000_1_best.pth,paper_checkpoints\PaperPINN_CNN_Flex_L2_maxpool_physical_lam0.001_n4000_1_best.pth,"FlexCNN (L=2, maxpool) (λ=0.001)","FlexCNN (L=2, maxpool)",physical,0.001,4000,0.08465521,0.8501498699188232,0.128353589951992,0.08465521,0.8501498699188232,0.12835358995199203,turing_patterns_dataset_clean_test.npz,4000,turing_patterns_dataset_clean_test.npz,0.49228653,0.101347074,0.20587009,0.4589169,0.067839585,0.14782542,0.101926655,0.071765795,0.7040925,0.07270869,0.11187621,1.5386912,0.28072092,0.04328717,0.15420002,0.27548668,0.29822502,1.0825388,0.1588361,0.093370184,0.58783984,0.13357787,16.803295,125.79401
PaperPINN_CNN_Flex_L2_maxpool_physical_lam0.01_n8000_1_best.pth,paper_checkpoints\PaperPINN_CNN_Flex_L2_maxpool_physical_lam0.01_n8000_1_best.pth,"FlexCNN (L=2, maxpool) (λ=0.01)","FlexCNN (L=2, maxpool)",physical,0.01,8000,0.054076497,0.944125771522522,0.0414128286466002,0.054076497,0.944125771522522,0.041412828646600244,turing_patterns_dataset_clean_test.npz,4000,turing_patterns_dataset_clean_test.npz,0.21172893,0.043588653,0.20587009,0.19737692,0.029177327,0.14782542,0.07268993,0.051180433,0.7040925,0.051852915,0.07978562,1.5386912,0.21672954,0.0334197,0.15420002,0.21268827,0.23024331,1.0825388,0.12002854,0.07055756,0.58783984,0.100941375,12.69782,125.79401
PaperPINN_CNN_Flex_L2_maxpool_physical_lam0.1_n2000_1_best.pth,paper_checkpoints\PaperPINN_CNN_Flex_L2_maxpool_physical_lam0.1_n2000_1_best.pth,"FlexCNN (L=2, maxpool) (λ=0.1)","FlexCNN (L=2, maxpool)",physical,0.1,2000,0.08785005,0.8441846370697021,0.075791523553431,0.08785005,0.8441846370697021,0.07579152355343104,turing_patterns_dataset_clean_test.npz,4000,turing_patterns_dataset_clean_test.npz,0.46089345,0.09488418,0.20587009,0.42965236,0.06351354,0.14782542,0.11353901,0.079941966,0.7040925,0.08099226,0.12462207,1.5386912,0.29746443,0.045869023,0.15420002,0.29191795,0.31601253,1.0825388,0.1744492,0.10254819,0.58783984,0.14670804,18.454992,125.79401
PaperPINN_CNN_Flex_L2_maxpool_pure_n16000_1_best.pth,paper_checkpoints\PaperPINN_CNN_Flex_L2_maxpool_pure_n16000_1_best.pth,"FlexCNN (L=2, maxpool)","FlexCNN (L=2, maxpool)",pure,,16000,0.049734674,0.9511421322822572,0.0801455720886588,0.049734674,0.9511421322822571,0.08014557208865881,turing_patterns_dataset_clean_test.npz,4000,turing_patterns_dataset_clean_test.npz,0.2091869,0.043065324,0.20587009,0.19500732,0.02882704,0.14782542,0.059038296,0.04156842,0.7040925,0.042114627,0.0648014,1.5386912,0.22314167,0.03440845,0.15420002,0.21898097,0.2370554,1.0825388,0.110405,0.06490046,0.58783984,0.09284821,11.679749,125.79401
PaperPINN_CNN_Flex_L2_maxpool_pure_n2000_1_best.pth,paper_checkpoints\PaperPINN_CNN_Flex_L2_maxpool_pure_n2000_1_best.pth,"FlexCNN (L=2, maxpool)","FlexCNN (L=2, maxpool)",pure,,2000,0.14208655,0.5567538142204285,0.221249707698822,0.14208655,0.5567538142204285,0.22124970769882202,turing_patterns_dataset_clean_test.npz,4000,turing_patterns_dataset_clean_test.npz,0.8553061,0.17608194,0.20587009,0.79733026,0.11786568,0.14782542,0.19279747,0.13574725,0.7040925,0.13753062,0.21161716,1.5386912,0.52857304,0.08150597,0.15420002,0.51871747,0.5615318,1.0825388,0.22314245,0.13117202,0.58783984,0.18765795,23.606245,125.79401
PaperPINN_CNN_Flex_L2_maxpool_pure_n4000_1_best.pth,paper_checkpoints\PaperPINN_CNN_Flex_L2_maxpool_pure_n4000_1_best.pth,"FlexCNN (L=2, maxpool)","FlexCNN (L=2, maxpool)",pure,,4000,0.1253453,0.6408592462539673,0.2522761995196342,0.1253453,0.6408592462539673,0.25227619951963426,turing_patterns_dataset_clean_test.npz,4000,turing_patterns_dataset_clean_test.npz,0.83893347,0.17271131,0.20587009,0.78206706,0.11560939,0.14782542,0.1586623,0.11171294,0.7040925,0.11318069,0.17415012,1.5386912,0.44047663,0.067921504,0.15420002,0.43226323,0.46794173,1.0825388,0.17102934,0.10053787,0.58783984,0.14383204,18.093208,125.79401
PaperPINN_CNN_Flex_L2_maxpool_pure_n8000_1_best.pth,paper_checkpoints\PaperPINN_CNN_Flex_L2_maxpool_pure_n8000_1_best.pth,"FlexCNN (L=2, maxpool)","FlexCNN (L=2, maxpool)",pure,,8000,0.06450191,0.9139215350151062,0.106664635181427,0.06450191,0.9139215350151062,0.106664635181427,turing_patterns_dataset_clean_test.npz,4000,turing_patterns_dataset_clean_test.npz,0.3295826,0.0678512,0.20587009,0.3072415,0.045418102,0.14782542,0.087154515,0.06136484,0.7040925,0.062171083,0.095662095,1.5386912,0.25570366,0.03942951,0.15420002,0.25093555,0.27164748,1.0825388,0.122409925,0.07195743,0.58783984,0.1029441,12.949751,125.79401
PaperPINN_CNN_Flex_L4_dilated_physical_lam0.1_n16000_1_best.pth,paper_checkpoints\PaperPINN_CNN_Flex_L4_dilated_physical_lam0.1_n16000_1_best.pth,"FlexCNN (L=4, dilated) (λ=0.1)","FlexCNN (L=4, dilated)",physical,0.1,16000,0.045477744,0.9587125778198242,0.0202287338152527,0.045477744,0.9587125778198242,0.02022873381525278,turing_patterns_dataset_clean_test.npz,4000,turing_patterns_dataset_clean_test.npz,0.21918613,0.045123868,0.20587009,0.20432863,0.030204965,0.14782542,0.06565464,0.04622694,0.7040925,0.046834376,0.07206364,1.5386912,0.1596705,0.024621194,0.15420002,0.1566934,0.1696267,1.0825388,0.088851914,0.052230693,0.58783984,0.07472251,9.399644,125.79401
PaperPINN_CNN_Flex_L4_dilated_physical_lam0.1_n2000_1_best.pth,paper_checkpoints\PaperPINN_CNN_Flex_L4_dilated_physical_lam0.1_n2000_1_best.pth,"FlexCNN (L=4, dilated) (λ=0.1)","FlexCNN (L=4, dilated)",physical,0.1,2000,0.077713974,0.8725172877311707,0.0650237590074539,0.077713974,0.8725172877311707,0.06502375900745391,turing_patterns_dataset_clean_test.npz,4000,turing_patterns_dataset_clean_test.npz,0.42249653,0.0869794,0.20587009,0.3938578,0.058222197,0.14782542,0.098879874,0.06962058,0.7040925,0.070535354,0.10853213,1.5386912,0.3114782,0.048029944,0.15420002,0.30567008,0.33089975,1.0825388,0.14437695,0.084870525,0.58783984,0.12141792,15.273646,125.79401
PaperPINN_CNN_Flex_L4_dilated_physical_lam0.1_n4000_1_best.pth,paper_checkpoints\PaperPINN_CNN_Flex_L4_dilated_physical_lam0.1_n4000_1_best.pth,"FlexCNN (L=4, dilated) (λ=0.1)","FlexCNN (L=4, dilated)",physical,0.1,4000,0.069198005,0.900503396987915,0.0453148101866245,0.069198005,0.900503396987915,0.045314810186624525,turing_patterns_dataset_clean_test.npz,4000,turing_patterns_dataset_clean_test.npz,0.3801393,0.07825931,0.20587009,0.35437152,0.052385118,0.14782542,0.096859954,0.06819837,0.7040925,0.069094375,0.106314905,1.5386912,0.23315589,0.035952643,0.15420002,0.22880827,0.24769384,1.0825388,0.12399581,0.07288968,0.58783984,0.10427789,13.117533,125.79401
PaperPINN_CNN_Flex_L4_dilated_physical_lam0.1_n8000_1_best.pth,paper_checkpoints\PaperPINN_CNN_Flex_L4_dilated_physical_lam0.1_n8000_1_best.pth,"FlexCNN (L=4, dilated) (λ=0.1)","FlexCNN (L=4, dilated)",physical,0.1,8000,0.050679956,0.9483631253242492,0.0286442941389977,0.050679956,0.9483631253242493,0.028644294138997793,turing_patterns_dataset_clean_test.npz,4000,turing_patterns_dataset_clean_test.npz,0.26973644,0.055530664,0.20587009,0.25145236,0.03717105,0.14782542,0.06405056,0.045097522,0.7040925,0.04569002,0.07030283,1.5386912,0.16328083,0.025177907,0.15420002,0.16023631,0.17346203,1.0825388,0.1016672,0.05976403,0.58783984,0.08549995,10.755382,125.79401
PaperPINN_CNN_Flex_L4_dilated_pure_n16000_1_best.pth,paper_checkpoints\PaperPINN_CNN_Flex_L4_dilated_pure_n16000_1_best.pth,"FlexCNN (L=4, dilated)","FlexCNN (L=4, dilated)",pure,,16000,0.053827904,0.9464210867881776,0.0472215133346617,0.053827904,0.9464210867881775,0.04722151333466172,turing_patterns_dataset_clean_test.npz,4000,turing_patterns_dataset_clean_test.npz,0.23873758,0.04914893,0.20587009,0.22255506,0.032899294,0.14782542,0.060752243,0.0427752,0.7040925,0.04333721,0.066682585,1.5386912,0.16853921,0.02598875,0.15420002,0.16539663,0.17904827,1.0825388,0.12726232,0.074809864,0.58783984,0.10702508,13.463114,125.79401
PaperPINN_CNN_Flex_L4_dilated_pure_n2000_1_best.pth,paper_checkpoints\PaperPINN_CNN_Flex_L4_dilated_pure_n2000_1_best.pth,"FlexCNN (L=4, dilated)","FlexCNN (L=4, dilated)",pure,,2000,0.10591553,0.7703332901000977,0.1192316783815622,0.10591553,0.7703332901000977,0.11923167838156223,turing_patterns_dataset_clean_test.npz,4000,turing_patterns_dataset_clean_test.npz,0.5765521,0.118694834,0.20587009,0.53747106,0.07945189,0.14782542,0.14441167,0.10167917,0.7040925,0.103015214,0.1585086,1.5386912,0.33955368,0.052359182,0.15420002,0.33322233,0.36072612,1.0825388,0.1980305,0.11641022,0.58783984,0.16653933,20.94965,125.79401
PaperPINN_CNN_Flex_L4_dilated_pure_n4000_1_best.pth,paper_checkpoints\PaperPINN_CNN_Flex_L4_dilated_pure_n4000_1_best.pth,"FlexCNN (L=4, dilated)","FlexCNN (L=4, dilated)",pure,,4000,0.09515709,0.8105302453041077,0.0938305399268865,0.09515709,0.8105302453041077,0.09383053992688656,turing_patterns_dataset_clean_test.npz,4000,turing_patterns_dataset_clean_test.npz,0.5316073,0.10944204,0.20587009,0.49557287,0.073258266,0.14782542,0.13247828,0.09327697,0.7040925,0.09450253,0.14541021,1.5386912,0.32121822,0.049531855,0.15420002,0.3152286,0.3412472,1.0825388,0.16785592,0.0986724,0.58783984,0.14116314,17.757477,125.79401
PaperPINN_CNN_Flex_L4_dilated_pure_n8000_1_best.pth,paper_checkpoints\PaperPINN_CNN_Flex_L4_dilated_pure_n8000_1_best.pth,"FlexCNN (L=4, dilated)","FlexCNN (L=4, dilated)",pure,,8000,0.12985238,0.4619480669498443,0.349704222202301,0.12985238,0.46194806694984436,0.349704222202301,turing_patterns_dataset_clean_test.npz,4000,turing_patterns_dataset_clean_test.npz,0.2980797,0.061365698,0.20587009,0.27787435,0.04107689,0.14782542,0.07766702,0.054684766,0.7040925,0.055403315,0.08524859,1.5386912,1.4492754,0.22347829,0.15420002,1.4222519,1.5396429,1.0825388,0.11419791,0.06713008,0.58783984,0.0960381,12.0810175,125.79401
PaperPINN_CNN_Flex_L4_maxpool_physical_lam0.0001_n8000_1_best.pth,paper_checkpoints\PaperPINN_CNN_Flex_L4_maxpool_physical_lam0.0001_n8000_1_best.pth,"FlexCNN (L=4, maxpool) (λ=0.0001)","FlexCNN (L=4, maxpool)",physical,0.0001,8000,0.048002254,0.949835240840912,0.0708918635398149,0.048002254,0.9498352408409119,0.07089186353981494,turing_patterns_dataset_clean_test.npz,4000,turing_patterns_dataset_clean_test.npz,0.2423463,0.049891856,0.20587009,0.22591893,0.03339656,0.14782542,0.050297048,0.035413776,0.7040925,0.035879064,0.0552068,1.5386912,0.2526332,0.038956046,0.15420002,0.24792261,0.26838586,1.0825388,0.0947623,0.05570506,0.58783984,0.07969307,10.024911,125.79401
PaperPINN_CNN_Flex_L4_maxpool_physical_lam0.001_n16000_1_best.pth,paper_checkpoints\PaperPINN_CNN_Flex_L4_maxpool_physical_lam0.001_n16000_1_best.pth,"FlexCNN (L=4, maxpool) (λ=0.001)","FlexCNN (L=4, maxpool)",physical,0.001,16000,0.03188221,0.9809067249298096,0.0181359705999493,0.03188221,0.9809067249298096,0.01813597059994936,turing_patterns_dataset_clean_test.npz,4000,turing_patterns_dataset_clean_test.npz,0.13467981,0.027726544,0.20587009,0.1255506,0.01855957,0.14782542,0.038484976,0.027096983,0.7040925,0.027452974,0.042241648,1.5386912,0.114414476,0.017642714,0.15420002,0.11228102,0.12154856,1.0825388,0.07366917,0.043305676,0.58783984,0.06195413,7.793458,125.79401
PaperPINN_CNN_Flex_L4_maxpool_physical_lam0.001_n4000_1_best.pth,paper_checkpoints\PaperPINN_CNN_Flex_L4_maxpool_physical_lam0.001_n4000_1_best.pth,"FlexCNN (L=4, maxpool) (λ=0.001)","FlexCNN (L=4, maxpool)",physical,0.001,4000,0.07019434,0.8865106701850891,0.1789679526090622,0.07019434,0.8865106701850891,0.1789679526090622,turing_patterns_dataset_clean_test.npz,4000,turing_patterns_dataset_clean_test.npz,0.3741997,0.07703652,0.20587009,0.34883472,0.051566638,0.14782542,0.08974313,0.063187465,0.7040925,0.064017676,0.09850343,1.5386912,0.389545,0.060067844,0.15420002,0.38228148,0.41383454,1.0825388,0.11219463,0.06595247,0.58783984,0.09435326,11.869075,125.79401
PaperPINN_CNN_Flex_L4_maxpool_physical_lam0.001_n8000_1_best.pth,paper_checkpoints\PaperPINN_CNN_Flex_L4_maxpool_physical_lam0.001_n8000_1_best.pth,"FlexCNN (L=4, maxpool) (λ=0.001)","FlexCNN (L=4, maxpool)",physical,0.001,8000,0.037941165,0.9740721583366394,0.025846242070198,0.037941165,0.9740721583366394,0.025846242070198058,turing_patterns_dataset_clean_test.npz,4000,turing_patterns_dataset_clean_test.npz,0.14161986,0.029155293,0.20587009,0.13202003,0.019515915,0.14782542,0.051163934,0.036024142,0.7040925,0.036497463,0.056158323,1.5386912,0.11842055,0.018260451,0.15420002,0.11621246,0.1258045,1.0825388,0.08911238,0.052383807,0.58783984,0.07494169,9.427215,125.79401
PaperPINN_CNN_Flex_L4_maxpool_physical_lam0.01_n2000_1_best.pth,paper_checkpoints\PaperPINN_CNN_Flex_L4_maxpool_physical_lam0.01_n2000_1_best.pth,"FlexCNN (L=4, maxpool) (λ=0.01)","FlexCNN (L=4, maxpool)",physical,0.01,2000,0.11004038,0.7372855544090271,0.0949738676100969,0.11004038,0.7372855544090271,0.09497386761009693,turing_patterns_dataset_clean_test.npz,4000,turing_patterns_dataset_clean_test.npz,0.6584426,0.13555364,0.20587009,0.6138108,0.090736836,0.14782542,0.14908385,0.10496882,0.7040925,0.10634798,0.1636367,1.5386912,0.38894325,0.059975058,0.15420002,0.3816908,0.4131951,1.0825388,0.17811823,0.10470499,0.58783984,0.1497937,18.84315,125.79401
PaperPINN_CNN_Flex_L4_maxpool_physical_lam0.01_n8000_1_best.pth,paper_checkpoints\PaperPINN_CNN_Flex_L4_maxpool_physical_lam0.01_n8000_1_best.pth,"FlexCNN (L=4, maxpool) (λ=0.01)","FlexCNN (L=4, maxpool)",physical,0.01,8000,0.06423477,0.912973403930664,0.0585998172163963,0.06423477,0.9129734039306641,0.05859981721639633,turing_patterns_dataset_clean_test.npz,4000,turing_patterns_dataset_clean_test.npz,0.19804555,0.040771656,0.20587009,0.18462107,0.027291687,0.14782542,0.12242494,0.08619848,0.7040925,0.08733095,0.13437536,1.5386912,0.3340069,0.05150387,0.15420002,0.3277795,0.35483405,1.0825388,0.096710876,0.056850504,0.58783984,0.081331685,10.231038,125.79401
PaperPINN_CNN_Flex_L4_maxpool_physical_lam0.1_n8000_1_best.pth,paper_checkpoints\PaperPINN_CNN_Flex_L4_maxpool_physical_lam0.1_n8000_1_best.pth,"FlexCNN (L=4, maxpool) (λ=0.1)","FlexCNN (L=4, maxpool)",physical,0.1,8000,0.057273306,0.9333859086036682,0.0205466516427695,0.057273306,0.9333859086036682,0.020546651642769576,turing_patterns_dataset_clean_test.npz,4000,turing_patterns_dataset_clean_test.npz,0.27942818,0.057525903,0.20587009,0.26048705,0.03850661,0.14782542,0.07563326,0.05325281,0.7040925,0.05395254,0.0830163,1.5386912,0.22821431,0.03519065,0.15420002,0.22395897,0.24244428,1.0825388,0.11441084,0.06725525,0.58783984,0.09621713,12.1035385,125.79401
PaperPINN_CNN_Flex_L4_maxpool_physical_lam1e-05_n8000_1_best.pth,paper_checkpoints\PaperPINN_CNN_Flex_L4_maxpool_physical_lam1e-05_n8000_1_best.pth,"FlexCNN (L=4, maxpool) (λ=1e-05)","FlexCNN (L=4, maxpool)",physical,1e-05,8000,0.054363966,0.9303677082061768,0.121746074527502,0.054363966,0.9303677082061768,0.12174607452750207,turing_patterns_dataset_clean_test.npz,4000,turing_patterns_dataset_clean_test.npz,0.2819477,0.0580446,0.20587009,0.2628359,0.038853824,0.14782542,0.05968275,0.042022176,0.7040925,0.042574316,0.06550872,1.5386912,0.33649707,0.051887855,0.15420002,0.33022243,0.35747862,1.0825388,0.09161599,0.053855527,0.58783984,0.07704696,9.692046,125.79401
PaperPINN_CNN_Flex_L4_maxpool_pure_n16000_1_best.pth,paper_checkpoints\PaperPINN_CNN_Flex_L4_maxpool_pure_n16000_1_best.pth,"FlexCNN (L=4, maxpool)","FlexCNN (L=4, maxpool)",pure,,16000,0.030295597,0.983171820640564,0.018185112690553,0.030295597,0.983171820640564,0.01818511269055307,turing_patterns_dataset_clean_test.npz,4000,turing_patterns_dataset_clean_test.npz,0.114309125,0.02353283,0.20587009,0.10656082,0.015752397,0.14782542,0.040593963,0.028581906,0.7040925,0.028957462,0.04455659,1.5386912,0.10417115,0.016063193,0.15420002,0.1022288,0.11066665,1.0825388,0.07019797,0.041265164,0.58783984,0.05903499,7.4262476,125.79401
PaperPINN_CNN_Flex_L4_maxpool_pure_n2000_1_best.pth,paper_checkpoints\PaperPINN_CNN_Flex_L4_maxpool_pure_n2000_1_best.pth,"FlexCNN (L=4, maxpool)","FlexCNN (L=4, maxpool)",pure,,2000,0.1120934,0.7346352338790894,0.1529546668827533,0.1120934,0.7346352338790894,0.15295466688275336,turing_patterns_dataset_clean_test.npz,4000,turing_patterns_dataset_clean_test.npz,0.6203318,0.12770776,0.20587009,0.5782832,0.08548495,0.14782542,0.13538615,0.095324375,0.7040925,0.09657677,0.14860183,1.5386912,0.44581646,0.068744905,0.15420002,0.43750402,0.4736151,1.0825388,0.21170115,0.12444637,0.58783984,0.17803621,22.39589,125.79401
PaperPINN_CNN_Flex_L4_maxpool_pure_n4000_1_best.pth,paper_checkpoints\PaperPINN_CNN_Flex_L4_maxpool_pure_n4000_1_best.pth,"FlexCNN (L=4, maxpool)","FlexCNN (L=4, maxpool)",pure,,4000,0.07347605,0.8768995404243469,0.1854722062349319,0.07347605,0.8768995404243469,0.18547220623493194,turing_patterns_dataset_clean_test.npz,4000,turing_patterns_dataset_clean_test.npz,0.36605957,0.075360715,0.20587009,0.34124604,0.050444838,0.14782542,0.09760374,0.06872206,0.7040925,0.06962502,0.1071314,1.5386912,0.41773343,0.0644145,0.15420002,0.4099445,0.44378084,1.0825388,0.12083374,0.071030885,0.58783984,0.101618595,12.7830105,125.79401
PaperPINN_CNN_Flex_L4_maxpool_pure_n8000_1_best.pth,paper_checkpoints\PaperPINN_CNN_Flex_L4_maxpool_pure_n8000_1_best.pth,"FlexCNN (L=4, maxpool)","FlexCNN (L=4, maxpool)",pure,,8000,0.04657883,0.9534937739372252,0.0697924855649471,0.04657883,0.9534937739372253,0.06979248556494713,turing_patterns_dataset_clean_test.npz,4000,turing_patterns_dataset_clean_test.npz,0.23152728,0.04766454,0.20587009,0.2158334,0.031905662,0.14782542,0.05119012,0.03604258,0.7040925,0.036516186,0.056187134,1.5386912,0.23567955,0.03634179,0.15420002,0.2312849,0.25037488,1.0825388,0.09291997,0.054622058,0.58783984,0.07814371,9.83001,125.79401
PaperPINN_MLP_physical_lam0.1_n2000_1_best.pth,paper_checkpoints\PaperPINN_MLP_physical_lam0.1_n2000_1_best.pth,MLP (λ=0.1),MLP,physical,0.1,2000,0.20488225,0.2317680418491363,0.4431681373715401,0.20488225,0.23176804184913635,0.4431681373715401,turing_patterns_dataset_clean_test.npz,4000,turing_patterns_dataset_clean_test.npz,0.83082753,0.17104255,0.20587009,0.77450997,0.11449226,0.14782542,0.24240726,0.17067714,0.7040925,0.17291966,0.26606995,1.5386912,0.6870143,0.105937615,0.15420002,0.67420375,0.7298518,1.0825388,0.48938653,0.2876809,0.58783984,0.41156295,51.772152,125.79401
PaperPINN_MLP_physical_lam0.1_n4000_1_best.pth,paper_checkpoints\PaperPINN_MLP_physical_lam0.1_n4000_1_best.pth,MLP (λ=0.1),MLP,physical,0.1,4000,0.18238749,0.3781032562255859,0.3447997151017189,0.18238749,0.37810325622558594,0.3447997151017189,turing_patterns_dataset_clean_test.npz,4000,turing_patterns_dataset_clean_test.npz,0.78698635,0.16201696,0.20587009,0.7336406,0.10845073,0.14782542,0.2240055,0.1577206,0.7040925,0.15979284,0.24587183,1.5386912,0.6095939,0.09399939,0.15420002,0.5982278,0.6476048,1.0825388,0.4194154,0.24654908,0.58783984,0.35271925,44.36997,125.79401
PaperPINN_MLP_physical_lam1e-05_n16000_1_best.pth,paper_checkpoints\PaperPINN_MLP_physical_lam1e-05_n16000_1_best.pth,MLP (λ=1e-05),MLP,physical,1e-05,16000,0.16742729,0.4685145616531372,0.2800931710600853,0.16742729,0.4685145616531372,0.2800931710600853,turing_patterns_dataset_clean_test.npz,4000,turing_patterns_dataset_clean_test.npz,0.68767,0.14157069,0.20587009,0.6410565,0.09476444,0.14782542,0.20410901,0.14371163,0.7040925,0.14559972,0.224033,1.5386912,0.6486968,0.10002906,0.15420002,0.63660073,0.689145,1.0825388,0.38436222,0.22594343,0.58783984,0.3232404,40.661705,125.79401
PaperPINN_MLP_physical_lam1e-05_n8000_1_best.pth,paper_checkpoints\PaperPINN_MLP_physical_lam1e-05_n8000_1_best.pth,MLP (λ=1e-05),MLP,physical,1e-05,8000,0.17453206,0.4164577722549438,0.3293114730119705,0.17453206,0.41645777225494385,0.3293114730119705,turing_patterns_dataset_clean_test.npz,4000,turing_patterns_dataset_clean_test.npz,0.76377136,0.15723768,0.20587009,0.712,0.1052517,0.14782542,0.21344042,0.1502818,0.7040925,0.15225647,0.23427568,1.5386912,0.6515214,0.10046461,0.15420002,0.6393732,0.6921463,1.0825388,0.39225608,0.23058376,0.58783984,0.32987905,41.496807,125.79401
PaperPINN_MLP_pure_n16000_1_best.pth,paper_checkpoints\PaperPINN_MLP_pure_n16000_1_best.pth,MLP,MLP,pure,,16000,0.1683045,0.4611769318580627,0.32111418145895,0.1683045,0.46117693185806274,0.32111418145895004,turing_patterns_dataset_clean_test.npz,4000,turing_patterns_dataset_clean_test.npz,0.6948315,0.14304502,0.20587009,0.6477324,0.09575131,0.14782542,0.20940122,0.14743783,0.7040925,0.14937478,0.22984165,1.5386912,0.65079665,0.10035285,0.15420002,0.63866204,0.69137645,1.0825388,0.38247392,0.2248334,0.58783984,0.32165238,40.46194,125.79401
PaperPINN_MLP_pure_n2000_1_best.pth,paper_checkpoints\PaperPINN_MLP_pure_n2000_1_best.pth,MLP,MLP,pure,,2000,0.20961042,0.162304401397705,0.5448413829803467,0.20961042,0.16230440139770508,0.5448413829803467,turing_patterns_dataset_clean_test.npz,4000,turing_patterns_dataset_clean_test.npz,0.8498149,0.17495146,0.20587009,0.79220986,0.117108755,0.14782542,0.24214774,0.1704944,0.7040925,0.17273459,0.2657852,1.5386912,0.8639209,0.13321662,0.15420002,0.8478118,0.9177892,1.0825388,0.4873115,0.2864611,0.58783984,0.40981817,51.55267,125.79401
PaperPINN_MLP_pure_n4000_1_best.pth,paper_checkpoints\PaperPINN_MLP_pure_n4000_1_best.pth,MLP,MLP,pure,,4000,0.19194366,0.3108299374580383,0.4338030295372009,0.19194366,0.31082993745803833,0.4338030295372009,turing_patterns_dataset_clean_test.npz,4000,turing_patterns_dataset_clean_test.npz,0.7741808,0.15938067,0.20587009,0.7217036,0.10668614,0.14782542,0.2390811,0.16833521,0.7040925,0.17054689,0.262419,1.5386912,0.70586234,0.10884398,0.15420002,0.6927009,0.74987566,1.0825388,0.4440809,0.26104844,0.58783984,0.37346232,46.97932,125.79401
PaperPINN_MLP_pure_n8000_1_best.pth,paper_checkpoints\PaperPINN_MLP_pure_n8000_1_best.pth,MLP,MLP,pure,,8000,0.17674085,0.4136363863945007,0.3824461197257042,0.17674085,0.41363638639450073,0.3824461197257042,turing_patterns_dataset_clean_test.npz,4000,turing_patterns_dataset_clean_test.npz,0.7319626,0.15068921,0.20587009,0.6823475,0.1008683,0.14782542,0.21943139,0.1545,0.7040925,0.15652989,0.24085115,1.5386912,0.6396663,0.09863656,0.15420002,0.6277391,0.6795519,1.0825388,0.40642756,0.23891431,0.58783984,0.3417969,42.996002,125.79401
